OrderID,CustomerName,OrderDate,TotalAmount,PaymentMethodID
1,John Doe,2023-01-01,149.97,1
2,Jane Smith,2023-01-02,119.97,2
3,Robert Johnson,2023-01-03,89.97,3
4,Emily Davis,2023-01-04,139.96,4
5,Michael Wilson,2023-01-05,79.98,5
6,Sarah Brown,2023-01-06,259.95,6
7,David Lee,2023-01-07,349.93,7
8,Linda Harris,2023-01-08,199.95,8
9,William Martin,2023-01-09,54.97,9
10,Susan Jackson,2023-01-10,74.97,10
11,James Anderson,2023-01-11,189.94,1
12,Barbara White,2023-01-12,129.96,2
13,George Hall,2023-01-13,94.98,3
14,Helen Clark,2023-01-14,244.94,4
15,Thomas Turner,2023-01-15,139.96,5
16,Mary Green,2023-01-16,69.97,6
17,Richard King,2023-01-17,229.94,7
18,Dorothy Baker,2023-01-18,184.96,8
19,Edward Evans,2023-01-19,49.98,9
20,Patricia Young,2023-01-20,159.95,10
21,Michael Smith,2023-01-21,124.96,1
22,Emily Wilson,2023-01-22,144.97,2
23,David Brown,2023-01-23,259.95,3
24,Susan Johnson,2023-01-24,369.93,4
25,Robert Davis,2023-01-25,239.94,5
26,Linda Wilson,2023-01-26,54.97,6
27,James Harris,2023-01-27,74.97,7
28,Sarah Martin,2023-01-28,199.95,8
29,John Anderson,2023-01-29,139.96,9
30,Jane White,2023-01-30,94.98,10
31,William Lee,2023-01-31,244.94,1
32,Susan Davis,2023-02-01,129.96,2
33,David Clark,2023-02-02,94.98,3
34,Linda Wilson,2023-02-03,244.94,4
35,George Martin,2023-02-04,139.96,5
36,Barbara Turner,2023-02-05,69.97,6
37,Michael Harris,2023-02-06,229.94,7
38,Emily Davis,2023-02-07,184.96,8
39,John Anderson,2023-02-08,49.98,9
40,Patricia White,2023-02-09,159.95,10
41,James Smith,2023-02-10,124.96,1
42,Robert Brown,2023-02-11,144.97,2
43,Barbara Davis,2023-02-12,259.95,3
44,Helen Evans,2023-02-13,369.93,4
45,David Martin,2023-02-14,239.94,5
46,Emily Turner,2023-02-15,54.97,6
47,Michael Harris,2023-02-16,74.97,7
48,Linda Jackson,2023-02-17,199.95,8
49,Thomas Wilson,2023-02-18,139.96,9
50,Susan Harris,2023-02-19,94.98,10
51,James Hall,2023-02-20,244.94,1
52,Barbara King,2023-02-21,129.96,2
53,Robert Anderson,2023-02-22,94.98,3
54,Emily Davis,2023-02-23,244.94,4
55,Michael Evans,2023-02-24,139.96,5
56,David Turner,2023-02-25,69.97,6
57,Susan Smith,2023-02-26,229.94,7
58,George Johnson,2023-02-27,184.96,8
59,Linda Davis,2023-02-28,49.98,9
60,William Baker,2023-03-01,159.95,10
61,Helen Harris,2023-03-02,124.96,1
62,James Turner,2023-03-03,144.97,2
63,Patricia Baker,2023-03-04,259.95,3
64,Edward Clark,2023-03-05,369.93,4
65,Susan Hall,2023-03-06,239.94,5
66,Robert Smith,2023-03-07,54.97,6
67,Emily Davis,2023-03-08,74.97,7
68,George Wilson,2023-03-09,199.95,8
69,Linda Martin,2023-03-10,139.96,9
70,David Turner,2023-03-11,94.98,10
71,John Doe,2023-03-12,189.94,1
72,Jane Smith,2023-03-13,129.96,2
73,Robert Johnson,2023-03-14,94.98,3
74,Emily Davis,2023-03-15,244.94,4
75,Michael Wilson,2023-03-16,139.96,5
76,Sarah Brown,2023-03-17,69.97,6
77,David Lee,2023-03-18,229.94,7
78,Linda Harris,2023-03-19,184.96,8
79,William Martin,2023-03-20,49.98,9
80,Susan Jackson,2023-03-21,159.95,10
81,James Anderson,2023-03-22,124.96,1
82,Barbara White,2023-03-23,144.97,2
83,George Hall,2023-03-24,259.95,3
84,Helen Clark,2023-03-25,369.93,4
85,David Martin,2023-03-26,239.94,5
86,Emily Turner,2023-03-27,54.97,6
87,Michael Harris,2023-03-28,74.97,7
88,Linda Jackson,2023-03-29,199.95,8
89,Thomas Wilson,2023-03-30,139.96,9
90,Susan Harris,2023-03-31,94.98,10
91,James Hall,2023-04-01,244.94,1
92,Barbara King,2023-04-02,129.96,2
93,Robert Anderson,2023-04-03,94.98,3
94,Emily Davis,2023-04-04,244.94,4
95,Michael Evans,2023-04-05,139.96,5
96,David Turner,2023-04-06,69.97,6
97,Susan Smith,2023-04-07,229.94,7
98,George Johnson,2023-04-08,184.96,8
99,Linda Davis,2023-04-09,49.98,9
100,William Baker,2023-04-10,159.95,10
